,Unnamed: 0,ground_truth_hangul,ground_truth_number,aws_trans,azure_trans,clova_trains,gcp_trans,cer_aws,cer_azure,cer_clova,cer_gcp
0,0,"오 이유석 고객님 감사합니다. 잘 지내시죠? 신한금융투자 김나영입니다. 오늘 무엇을 도와드릴까요? 안녕하세요, 저 채권구입 관련해서 상담받고 싶은데요. 혹시 신금투에서도 국내채권을 파시나요? 아 네. 근데 저희가 중개하는 채권 종류가 그렇게 많지는 않아요. 혹시 특별히 찾으시는 물건이 있을까요? 혹시 한전영구채 구해주실 수 있나요? 아 그물건 작년까지만해도 PB데스크들 사이에 물건 풀린게 좀 있었는데 지금은 다 들어갔어요. 작년말경에 이미 다 소화된걸로 알고 있습니다. 아깝네요. 혹시 코코본드는 관심 없으시구요? 코코본드요? 신종자본증권이요. 올해 삼월 발행한 기업은행 후순위채권 오늘 민평 사점사오구프로 나오네요. 어 그게 콜행사까지 얼마나 남았어요? 구점팔년 남았네요. 어 요새 일반 금융채나 회사채는 사프로대 나오는게 뭐 있나요? 카드채나 캐피탈쪽 사프로대 나옵니다. 어 KB캐피탈 일년물 잔여만기 십여개월 남은게 수익률 사점일프로 나오는거 있어요. 더블에이 마이너스. 어 SK에코플랜트 녹색채권 이천이십사년만기 오늘 사점육프로 찍었구요. 혹시 최소투자금액이 얼마죠? 액면가 천만원입니다. 아 네 알겠습니다. 혹시 전화주문 되나요? 가능합니다만 모바일 앱으로 주문주시면 수수료가 면제됩니다. 그럼에도 불구하고 전화주문처리 하시겠습니까? 그냥 지금 전화로 하겠습니다. 그러면 혹시 어느채권으로 결정하셨을까요? 어 저는 SK에코플랜트 사점육프로 천만원 주문할게요. 그럼 가격은 얼마죠? 수익률 사점육이면 현재가 구콤마팔삼팔콤마오공공 구백팔십삼만팔천오백원입니다. 거래하시겠습니까? 네. 그럼 잠시 거래내역 녹취가 있겠습니다. 네. 종목명 SK에코플랜트 백칠십일다시일 녹색채 이표채 표준코드 KR육공공삼삼사삼C오공 발행일 이천이십이년 오월 십삼일 만기일 이천이십사년 오월 십삼일 표면금리 사점사공구 수익률 사점육 매수가격 구콤마팔사말콤마오공공 구백팔십삼만팔천오백원 맞으신가요? 아 네 맞습니다. 확인주셔서 감사합니다 이유석 고객님. 고객님의 매수채권은 오늘로부터 이영업일 이후인 이천이십이년 유월 이십오일 고객님의 증권계좌로 예치될 예정입니다. 계좌번호 확인 부탁드리겠습니다. 어 일이삼다시사오육다시칠육일공입니다. 확인 감사합니다. 거래확인내역 문자로 보내드릴 예정인데 핸드폰번호 뒤 네자리 확인 부탁드립니다. 칠육일공입니다. 감사합니다 고객님. 혹시 다른 문의사항 있으실까요? 아 네 없습니다. 거래 감사합니다. 녹취 종료하겠습니다. 조만간 내점 한 번 하시죠? 사은품으로 화장품세트 좋은게 들어와서요. 아 예 시간될때 들리겠습니다. 예 감사합니다. 꼭 뵙겠습니다. 감사합니다.
","오 이유석 고객님 감사합니다. 잘 지내시죠? 신한금융투자 김나영입니다. 오늘 무엇을 도와드릴까요? 안녕하세요, 저 채권구입 관련해서 상담받고 싶은데요. 혹시 신금투에서도 국내채권을 파시나요? 아 네. 근데 저희가 중개하는 채권 종류가 그렇게 많지는 않아요. 혹시 특별히 찾으시는 물건이 있을까요? 혹시 한전영구채 구해주실 수 있나요? 아 그물건 작년까지만해도 PB데스크들 사이에 물건 풀린게 좀 있었는데 지금은 다 들어갔어요. 작년말경에 이미 다 소화된걸로 알고 있습니다. 아깝네요. 혹시 코코본드는 관심 없으시구요? 코코본드요? 신종자본증권이요. 올해 3월 발행한 기업은행 후순위채권 오늘 민평 4.459프로 나오네요. 어 그게 콜행사까지 얼마나 남았어요? 9.8년 남았네요. 어 요새 일반 금융채나 회사채는 사프로대 나오는게 뭐 있나요? 카드채나 캐피탈쪽 4프로대 나옵니다. 어 KB캐피탈 1년물 잔여만기 10여개월 남은게 수익률 4.1프로 나오는거 있어요. 더블에이 마이너스. 어 SK에코플랜트 녹색채권 2024년만기 오늘 4.6프로 찍었구요. 혹시 최소투자금액이 얼마죠? 액면가 천만원입니다. 아 네 알겠습니다. 혹시 전화주문 되나요? 가능합니다만 모바일 앱으로 주문주시면 수수료가 면제됩니다. 그럼에도 불구하고 전화주문처리 하시겠습니까? 그냥 지금 전화로 하겠습니다. 그러면 혹시 어느채권으로 결정하셨을까요? 어 저는 SK에코플랜트 4.6프로 1000만원 주문할게요. 그럼 가격은 얼마죠? 수익률 4.6이면 현재가 구콤마팔삼팔콤마오공공 983만 8500원입니다. 거래하시겠습니까? 네. 그럼 잠시 거래내역 녹취가 있겠습니다. 네. 종목명 SK에코플랜트 171-1 녹색채 이표채 표준코드 KR6003343C50 발행일 2022년 5월 13일 만기일 2024년 5월 13일 표면금리 4.409 수익률 4.6 매수가격 구콤마팔사말콤마오공공 983만 8500원 맞으신가요? 아 네 맞습니다. 확인주셔서 감사합니다 이유석 고객님. 고객님의 매수채권은 오늘로부터 2영업일 이후인 2022년 6월 25일 고객님의 증권계좌로 예치될 예정입니다. 계좌번호 확인 부탁드리겠습니다. 어 123-456-7610입니다. 확인 감사합니다. 거래확인내역 문자로 보내드릴 예정인데 핸드폰번호 뒤 네자리 확인 부탁드립니다. 7610입니다. 감사합니다 고객님. 혹시 다른 문의사항 있으실까요? 아 네 없습니다. 거래 감사합니다. 녹취 종료하겠습니다. 조만간 내점 한 번 하시죠? 사은품으로 화장품세트 좋은게 들어와서요. 아 예 시간될때 들리겠습니다. 예 감사합니다. 꼭 뵙겠습니다. 감사합니다.
","이유석 고객님은 감사합니다 잘 지내시죠? 신한금융투자 김남입니다 오늘 무엇을 도와드릴까요? 네 안녕하세요 저 채권 구입관련해서 상담 받고 싶은데요 혹시 신검토에서도 국내 채권을 파시나요? 네 근데 저희가 중개하는 채권종류이렇게 많지는 않아요 혹시 특별히 찾으시는 물건 있을까요? 혹시 한 전 연구 채 구해주실 수 있나요? 그 물건작년까지만 해도 데스크들 사이에 물건 풀린 게 좀 있었는데 지금은 다 들어갔어요 작년 말 경에 입니다 소화된 걸로 알고 있습니다 아깝네요 혹시 코코본드는 관심 없으시고요 인데요 신종 자본증권 이요 올해 3 월 발행한 기업은행 후순위채권 오늘 민평사점사오구프로 나오네요. 그게 콜행사까지 얼마나 남았어요? 구 점 팔 년 남았네요 요새 일반 금융채나 회사채는 사프로 때 나오는 거 뭐 있나요? 카드채나 캐피탈쪽 사 프로대 나옵니다 이런 물 잔여만기 십 여개월 넘게 수익률사점일프로나오는거있어요 마이너스 플랜트녹색채권이천이십사년 만기 오늘 사점육 프로 찍었고요 혹시 최소 투자금액이 얼마죠? 액면가 천 만원입니다 네, 알겠습니다 혹시 전화 주면 되나요? 가능합니다만 모바일 앱으로 주문주시면 수수료가 면제됩니다 그럼에도 불구하고 전화주문 처리 하시겠습니까? 그냥 지금 전화를 하겠습니다 그러면 혹시 어느 채권으로 결정하셨어요? 저는 플랜트사점육 프로 천만원 주문할게요 그럼 가격은 얼마죠? 수익률사점육 이면 현재가 구COM 만 838 콤마오공공구백팔십삼 만 팔천오백 원입니다 거래하시겠습니까 그럼 잠시 거래내용 녹취가 있겠습니다 종목명 플랜트백칠십일 다시 녹색채권이 표째 표준 코드 육군 공삼삼사삼 시 오공 발행일 이천이십이년 오월 십삼일만기 일 이천이십사년 오월 십삼일 표면금리 사점사 공부수익률사점육 매수가격 구COM 만 838 것만 오 분 공구백팔십삼 만 팔천오백 원 맞으신가요 확인 주셔서 감사합니다. 유석고객님고객님의 매수채권은 오늘로부터 이 영업일 이후인 이천이십이년 유월 이십오일 고객님의 증권계좌로 예치될 예정입니다. 계좌번호 확인 부탁 드리겠습니다. 그래서 일이삼다시 사오륙다시 76 일 공 입니다. 확인감사합니다 거래확인 네요. 문자로 보내드릴 예정인데 핸드폰 번호 뒷네 네 자리 확인 부탁드립니다. 76 일 공 입니다. 감사합니다. 국민의 혹시 다른 문희상 있으실까요? 네 없습니다. 거래감사합니다 녹취 종료하겠습니다 조만간 내 점 한번 하시죠. 사은품으로 화장품 한테 좋은 거 들어와서요 시간 들도 들리겠습니다 예, 감사합니다. 꼭 뵙겠습니다","어 이우석 고객님 감사합니다. 잘 지내시죠? 신한금융투자 김나영 입니다. 오늘 무엇을 도와드릴까요? 채권 구입 관련해서 상담 받고 싶은데요. 혹시 신군 투 에서도 국내 채권을 하시나요? 우리 안에 채권 종류 이렇게 많지는 않아요. 혹시 특별히 찾으시는 물건이 있을까요? 혹시요? 연구체 구해 주실 수 있나요? 아, 그 물건 작년까지만 해도 pd 데스크들 사이에 물건 풀린 게 좀 있었는데 지금은 다 들어갔어요. 작년말. 통해 이미 다 소화된 걸로 알고 있습니다. 아깝네요. 혹시 코코본드는 관심 없으시구요? 코코본드 신종자본증권 이요 올해 3월 발행한 기업은행 후순위채권 오늘 민평 4.459% 나오네요. 어, 그게 콜 행사까지 얼마나 남았어요? 어 요새 일반 금융 채널 회사채는 사프로때 나온 거 보이나요? 카드채 나 캐피탈 쪽 사프로때 나옵니다. 어 kb 캐피탈 일 년물 자녀 만기 십여 개월 남은 게 수익률 4.1% 나오는 거 있어요? 더블에이 마이너스 어 sk eco 플랜트 녹색채권 2024년 만기 오늘 4.6% 찍었구요 혹시 최소 투자금액이 얼마죠? 액면가 천만원입니다. 네, 알겠습니다. 혹시 전화 주면 되나요? 가능합니다만 모바일 앱으로 주문 주시면 수수료가 면제됩니다. 그럼에도 불구하고 전화 주문. 네 하시겠습니까? 그냥 지금 전화로 하겠습니다. 그러면 혹시 어느 채권으로 결정 하셨을까요? 저는 sk eco 플랜트 4.6% 천만원 주문할께요. 그럼 가격은 얼마죠? 신규 사 점 유기 면 현재가 국 커마 838 콤마 500 983만 8500원입니다. 거래 하시겠습니까? 그럼 잠시 거래 내용 녹취가 있겠습니다. 종목명 sk eco 플랜트 171 다시 일 녹색채권 이 표 체 표준코드.kr 6003343 씨 오 공 발행일 2022년 5월 13일 만기일 2020. 4년 5월 13일 표면금리 4.409, 수익률 4.6 매수 가격 구 컷만 838 come 10005 009 183만 8500 원 맞으신가요? 네, 맞습니다. 확인 주셔서 감사합니다. 이유석 고객님, 고객님의 수 채권은 오늘로부터 이 영업일 이후인 2022년 6월 25일 고객님의 증권계좌로 예측 될 예정입니다. 계좌번호 확인 부탁드리겠습니다 어 123 다시 456 다시 7620입니다 확인 감사합니다. 거래 확인 네 요 문자로 보내드릴 예정인데 핸드폰 번호 뒤 낼 때 자리 확인 부탁드립니다. 1610입니다. 감사합니다. 고객님, 혹시 다른 문의사항 있으실까요? 없습니다. 거래 감사합니다. 녹취 종료 하겠습니다. 아 조만간 내 점 한번 하시죠. 사은품으로 화장품세트 좋은 거 들어와서요. 예 감사합니다. 꼭 뵙겠습니다.
",오유 석 고객님 감사합니다 잘 지내시죠 신한금융투자 김나래입니다 오늘 무엇을 도와 드릴까요 어머니 안녕하세요 채권 구입 건에서 상담받고 싶은데요 혹시 신검에서도 국내 채권을 파시나요 근데 저희가 준비한 채권 종류 이렇게 많지는 않아요 혹시 특별히 찾으시는 물건이 있을까요 혹시 한전 연구 책 보여줄 수 있나요 아 그리고 작년까지만 해도 그들 사이에 불공평해 적 있었는데 지금은 다 들어갔어요 장염 소화 된 걸로 알고 있습니다 아깝네요 혹시 코코 본드로 관심 없으 시 구요 쿠쿠 보온 대형 신종자본 증권 이어 올해 3월 발행한 기업 은행 후순위 채권 운용 4.4 5 고프로 나오네요 응급 콜 행사까지 얼마나 남았어요 아 요새 일본 금융 채널 회사채는 사표 롯데 나오는 거 뭐있나요 카드 체인 캐피털 조사 풀옵 되나 봅니다 어 케이비 캐피탈 10월 잔여 만기 10여 개월 수익률 4.1 프로 나오는 거야 어 sk 에코 플랜트 녹색채권 2024년 만기 오늘 4.6 프로 찍었고요 혹시 최소 투자 금액이 얼마죠 아내 알겠습니다 혹시 전화 주면 되나요 가능합니다 나라 모바일 앱으로 주문 주시면 수수료가 면제 됩니다 그럼에도 불구하고 전화 주문 처리하시겠습니까 그냥 지금 전화 안 하겠습니다 그러면 혹시 오늘 채권으로 sk 에코 플랜트 4.6 프로 1000만원 주문할게요 그럼 가격은 얼마죠 수익률 4.6이면 현재 가구 커버 838 500 983만 8500원입니다 거래 하시겠습니까 네 그럼 잠시 이 거래 내용 녹취가 있겠습니다 매 종목명 sk 에코 플랜트 171-1 녹색 채권이 표 채의 표준 코드 kr 600 3343시 50 발행일 2021년 5월 13일 만기일 2024년 5월 13일 표면 금리 4.4 공부 수익률 4.6 매수 가격 국 한번 838 983만 8500원 맞으신가요 안에 왔습니다 확인 줘서 감사합니다 유선 고객님 고객님 매수 채권은 오늘로부터 2 영업일 이후 2022년 6월 25일 고객님의 증권계좌를 제출할 예정입니다 계좌 번호 확인부탁 드리겠습니다 어서 123-456-70 10입니다 확인 감사합니다 거래 확인 내용 문자로 보내 드릴 예정인 핸드폰 번호 뒷자리 대자리 확인부탁 드립니다 7610입니다 감사합니다 혹시 다른분이랑 있으실까요 아니었습니다 거래 감사합니다 혹시 종료하겠습니다 근데 좀 한번 하시죠 상품으로 화장품 세트 중고 들어와서요 아예 시간 될 때 들리 겠습니다 감사합니다,"어윤수 고객님 감사합니다 잘 지내시죠 신한금융투자 김나영입니다 오늘 무엇을 도와드릴까요 안녕하세요 저 채권구입 관련해서 상담받고 싶은데요 혹시 신분에서 국내 차관을 안에 근데 이거 준비하는 태권도 그렇게 많지는 않아요 혹시 특별히 찾으시는 물건 있을까요 구해주실수있나요 그들 사이에 물건 풀매도 있었는데 지금은 다 들어갔어요 작년말 경입니다 소가 된 걸로 알고 있습니다 아깝네요 혹시 쿠쿠 분들은 관심 없으시고요 올해 3월 발행한 기업은행 후순위채권 오늘 민평 4.35% 나오네요 얼마나 남았어요 카드채 하나캐피탈 쪽파 프로 때 나옵니다 KB 캐피탈 1년물 당연한게 16개월 남은게 수익률 4.1% 나오는 거 있어요 - SK
녹색채권 2024년 만기 오늘 4.5% 찍었고요 혹시 주소 투자 금액이 얼마죠네 알겠습니다 혹시 전화 주면 되나요 주시면 수수료가 면제됩니다 그럼에도 불구하고 전화 주문 처리 할 수 있으니까 그냥 지금 전화로 하겠습니다 그러면 혹시 결정 하셨을까요 가격은 얼마죠 현재가 국화 838 - 500 983 만 8천 5백 원입니다 거래 하시겠습니까 그럼 잠시 일이 거래내역 록시라이트 종목명 skfl nt270 1-1 녹색채권 이표채의 표준코드 kr-6431 발행을 2020년 1월 13일 만기일 2024년 5월 13일 표면금리 4.4 공부 수익률 4.6 매수가격 98008 500 983 18,500원 맞으신가요
아네 맞습니다 감사합니다 고객님 고객님 외수 채권은 오늘로부터 2영업일 이후에 2022년 6월 25일 고객님의 증권계좌로 예치되어 예정입니다 계좌번호 확인 부탁드리겠습니다 1 2 3 4 5 6 핸드폰 번호 확인 부탁드립니다 감사합니다 고객님 혹시 다른 분이랑 있으실까요 감사합니다 예 감사합니다 꼭 뵙겠습니다",0.23643807574206754,0.17427385892116182,0.23326359832635984,0.4231578947368421
1,1,"고객과 함께하는 농협금융 문종민 팀장입니다. 무엇을 도와드릴까요? 안녕하세요, 거기 기업대출 좀 알아보려고 하는데요. 아 예 어떤대출 알아보고 계시는데요? 예? 회사 사업내용이나 대출 목적 말해주시며는 상담해드리도록 하겠습니다. 아 네, 저희가 헬스케어 관련 디바이스 맞춤제작을 하는 회산데요, 이번에 생산설비 확장을 좀 할려고 대출을 알아보고 있습니다. 아 예, 알겠습니다. 혹시 회사 이름하고 생각하시는 금액이? 아 네, 주식회사 헤일로 입니다. 십오억 생각하고 있구요. 헤일로요. 그러면 설비확장을 위해서 공장부지하고 건물 매매는 진행되신겁니까? 일단 부지는 기존 부지에 확장을 해서 지을거구요, 건물은 신축 예정입니다. 그러면 대출해서 건축 건물신축비용 내시겠네요? 그렇죠. 건물신축비용은 견적 얼마 받으셨습니까? 십오억이요. 아 네. 그러면은 토지하고 건물 담보제공에는 문제가 없으시구요? 아 예. 근데 토지에 선순위저당권 설정되있는게 있긴 합니다. 아, 토지 정확한 위치를 알려주시면 저희가 등기부등본 확인해 보겠습니다. 서울시 강남구 테헤란로 이백삼십일 입니다. 아 감사합니다. 그러면 일단 본격적인 대출상담을 진행하려면 가급적이면 내방을 해주시는게 좋은데요, 오시기 전에 미리 서류를 저희한테 주시면 검토를 해서 당일 삼당 상담진행을 좀 할 수 있도록 도와드리겠습니다. 서류 몇가지 불러드리릴게요. 네. 사업자등록증, 법인등기부등본, 과거 이년치 재무제표, 저희가 아직 사업시작한지 일년반정도밖에 안되서 이년치 재무제표는 없는데요. 아 그러면 일단 지금까지 작성된거하고 향후에 이년간 예상재무추정자료 있으면 같이 주시면 됩니다. 네. 그리고 지으실 건물 설계서하고 견적서, 어 대표님 신분증 사본 필요합니다. 신분증 사본은 미리 보내지 마시구요 상담 당일날 지참해주시면 그자리에서 복사하겠습니다. 네. 그러면 상담일자는 언제가 좋으실까요? 혹시 다음주 수요일 오후 세시 가능할까요? 아 예 가능합니다. 그러면 그날 뵙는걸로 알고 서류는 화요일까지 미리 제 이메일로 부탁을 좀 드리겠습니다. 이메일은 woohwaj@nonghyup.com 농협닷컴입니다. 알겠습니다. 근데 혹시 금리 대충 몇프로 정도 나올지 먼저 알 수 있을까요? 아 예 혹시 건설기간이 얼마, 아 그러고 상환은 몇년 정도 보고 계십니까? 어 건설기간은 이년, 상환은 한 팔년 보면 될 것 같습니다. 이년거치에 팔년상환 아 알겠습니다. 그리고 담보는 대출 원금 몇프로까지 제공하실 예정입니까? 최대한 가능한 퍼센테이지가 얼마에요? 아마 토지담보 청산가치하고 선순위저당권 금액 봐야 되긴하겠지만 규정상으로는 팔십프로까지는 가능하니까 한 십이억 대출 가능할 것 같습니다. 그러면 금리는 얼마 나오나요? 그것도 담보까지 봐야 되긴하겠지만 대충 육프로 초반대쯤 나올 것 같습니다. 육퍼센트 초반이라 하시면? 지금 대충 계산해보면 한 육점이팔프로 정도 나옵니다. 아 물론 이거는 담보여력이나 뭐 자금종류에 따라서 변동사항이 좀 있을 수 있구요. 자금종류가 따로 있나요? 아 예. 수출적합산업이나 뭐 유망중소기업자금 뭐 이런게 일부 섞을 수 있으면 좀 따운되기도 하는데요, 그거는 사업자등록하고 재무자료 확인을 해야 말씀드릴 수 있을것 같습니다. 네 알겠습니다. 그럼 수요일에 뵙겠습니다. 네 감사합니다. 수요일에 뵙겠습니다. 편안한 하루 되십시오.
","고객과 함께하는 농협금융 문종민 팀장입니다. 무엇을 도와드릴까요? 안녕하세요, 거기 기업대출 좀 알아보려고 하는데요. 아 예 어떤대출 알아보고 계시는데요? 예? 회사 사업내용이나 대출 목적 말해주시며는 상담해드리도록 하겠습니다. 아 네, 저희가 헬스케어 관련 디바이스 맞춤제작을 하는 회산데요, 이번에 생산설비 확장을 좀 할려고 대출을 알아보고 있습니다. 아 예, 알겠습니다. 혹시 회사 이름하고 생각하시는 금액이? 아 네, 주식회사 헤일로 입니다. 15억 생각하고 있구요. 헤일로요. 그러면 설비확장을 위해서 공장부지하고 건물 매매는 진행되신겁니까? 일단 부지는 기존 부지에 확장을 해서 지을거구요, 건물은 신축 예정입니다. 그러면 대출해서 건축 건물신축비용 내시겠네요? 그렇죠. 건물신축비용은 견적 얼마 받으셨습니까? 십오억이요. 아 네. 그러면은 토지하고 건물 담보제공에는 문제가 없으시구요? 아 예. 근데 토지에 선순위저당권 설정되있는게 있긴 합니다. 아, 토지 정확한 위치를 알려주시면 저희가 등기부등본 확인해 보겠습니다. 서울시 강남구 테헤란로 231입니다. 아 감사합니다. 그러면 일단 본격적인 대출상담을 진행하려면 가급적이면 내방을 해주시는게 좋은데요, 오시기 전에 미리 서류를 저희한테 주시면 검토를 해서 당일 삼당 상담진행을 좀 할 수 있도록 도와드리겠습니다. 서류 몇가지 불러드리릴게요. 네. 사업자등록증, 법인등기부등본, 과거 2년치 재무제표, 저희가 아직 사업시작한지 1년반정도밖에 안되서 2년치 재무제표는 없는데요. 아 그러면 일단 지금까지 작성된거하고 향후에 2년간 예상재무추정자료 있으면 같이 주시면 됩니다. 네. 그리고 지으실 건물 설계서하고 견적서, 어 대표님 신분증 사본 필요합니다. 신분증 사본은 미리 보내지 마시구요 상담 당일날 지참해주시면 그자리에서 복사하겠습니다. 네. 그러면 상담일자는 언제가 좋으실까요? 혹시 다음주 수요일 오후 3시 가능할까요? 아 예 가능합니다. 그러면 그날 뵙는걸로 알고 서류는 화요일까지 미리 제 이메일로 부탁을 좀 드리겠습니다. 이메일은 woohwaj@nonghyup.com 농협닷컴입니다. 알겠습니다. 근데 혹시 금리 대충 몇프로 정도 나올지 먼저 알 수 있을까요? 아 예 혹시 건설기간이 얼마, 아 그러고 상환은 몇년 정도 보고 계십니까? 어 건설기간은 2년, 상환은 한 8년 보면 될 것 같습니다. 2년거치에 8년상환 아 알겠습니다. 그리고 담보는 대출 원금 몇프로까지 제공하실 예정입니까? 최대한 가능한 퍼센테이지가 얼마에요? 아마 토지담보 청산가치하고 선순위저당권 금액 봐야 되긴하겠지만 규정상으로는 80프로까지는 가능하니까 한 12억 대출 가능할 것 같습니다. 그러면 금리는 얼마 나오나요? 그것도 담보까지 봐야 되긴하겠지만 대충 6프로 초반대쯤 나올 것 같습니다. 6퍼센트 초반이라 하시면? 지금 대충 계산해보면 한 6.28프로 정도 나옵니다. 아 물론 이거는 담보여력이나 뭐 자금종류에 따라서 변동사항이 좀 있을 수 있구요. 자금종류가 따로 있나요? 아 예. 수출적합산업이나 뭐 유망중소기업자금 뭐 이런게 일부 섞을 수 있으면 좀 따운되기도 하는데요, 그거는 사업자등록하고 재무자료 확인을 해야 말씀드릴 수 있을것 같습니다. 네 알겠습니다. 그럼 수요일에 뵙겠습니다. 네 감사합니다. 수요일에 뵙겠습니다. 편안한 하루 되십시오.
","고객과 함께하는 농협금융문종민 팀장입니다. 무엇을 도와드릴까요? 안녕하세요. 거기 기업대출 좀 알아보려고 하는데요. 어떤 대출 알아 보고 계시는데요. 예, 회사 사업 내용이나 대출 목적 말해주시면 상담해드리도록 하겠습니다. 네, 저희가 헬스케어 관련 디바이스 맞춤 제작을 하는 회사인데요 이번에 생산설비 확장을 좀 하려고 대출을 알아보고 있습니다. 예, 알겠습니다. 혹시 회사 이름하고 생각하시는 금액이? 아, 네. 주식회사 해일로 입니다. 십오억 생각하고 있고요. 해일로 요. 그러면 설비확정을 위해서 공장부지하고 건물 매매는 진행되신 겁니까? 일단 부진은 기존 부지에 확장을 해서 지을 거고요. 건물은 신축예정입니다 그러면 대출해서 건축건물 신축비용 되시겠네요? 그렇죠. 건물 신축비용은 견적얼마 받으셨습니까 십오억이요? 예. 그러면은 토지하고 건물 담보제공 에는 문제가 없으시고요? 예. 근데 토지의 선순위 저당권설정 되어 있는 게 있긴 합니다. 토지정확한 위치를 알려주시면 저희가 등기부등본 확인해 보겠습니다 서울시 강남구 테헤란로 이백삼십일 감사합니다. 그러면 일단 본격적인 대출 상담을 진행하려면 가급적이면 예방을 해주시는 게 좋은데요. 오시기 전에 미리 서류를 저희한테 주시면 검토를 해서 당일 삼당 상담 진행을 좀 할 수 있도록 도와드리겠습니다 서류몇 가지 불러드릴게요 사업자등록증 법인 등기부등본과거 이 년치 재무재표 저희가 아직 사업 시작한지 1 년 반 정도 밖에 안 돼서 2 년치 재무제표는 없는데요. 그러면 일단 지금까지 작성된 거하고 향후에 이 년간 예상재무추정자료 있으면 같이 주시면 됩니다. 네. 그리고 지으실 건물 설계사하고 견적서 대표님, 신분증사본필요합니다 신분증사본은 미리 보내지 마시고요. 상담당일 날 지참해주시면 그 자리에서 복사하겠습니다. 네. 그러면 상담일정은 언제 가지고 실까요? 혹시 다음주 수요일 오후 세시 가능할까요? 예, 가능합니다. 그러면 그날 뵙는 걸로 알고 서류는 화요일까지 미리 제 이메일로 부탁을 좀 드리겠습니다. 이메일은 골뱅이 농협닷컴 입니다. 알겠습니다. 근데 혹시 금리 대충 몇 프로 정도 나올지 먼저 알 수 있을까요? 혹시 건설기간이 얼마그리고 상황은 몇 년 정도 보고 계십니까? 건설 기간은 이 년 상환은 한 팔년 보면 될 것 같습니다. 이 년 거치에 팔년 상황알겠습니다. 그리고 담보는 대출 언급몇 프로까지 제공하실 예정입니까 최대한 가능한가 얼마에요. 아마 토지담보청산가치하고 선순위 저당권금액봐야 되긴 하겠지만 규정상으로는 팔십 프로까지는 가능하니까 한 십이 억 대출가능할 것 같습니다. 그러면 금리는 얼마나 오나요? 그것도 담보까지 봐야 되긴 하겠지만 대충 육프로 초반때 쯤 나올 것 같습니다. 육 퍼센트 초반이라 하시면 지금 대충 계산해 보면 한 육점이 팔 프로 정도 나옵니다. 물론 이거는 담보여력이나 자금 종류에 따라서 변동사항이 좀 있을 수 있고요. 자금 종류가 따로 있나요? 아예 수출 적합산업이나 유망중소기업 자금 뭐 이런 게 일부 섞을 수 있으면 좀 다운되기도 하는데요. 그거는 사업자등록하고 재무자료 확인을 해야 말씀드릴 수 있을 것 같습니다. 네, 알겠습니다. 그럼 수요일에 뵙겠습니다. 감사합니다. 수요를 뵙겠습니다. 편안하루 되십시오.","고객과 함께하는 농협금융 문정민 팀장입니다. 무엇을 도와드릴까요? 안녕하세요, 거기 기업 대출 좀 알아보려고 하는데요. 예, 어떤 대출 알아보고 계시는데요. 예. 아 회사 사업 내용이나 대출 목적 말해 주시면은 상담해 드리도록 하겠습니다. 아 네, 저희가 헬스케어 관련 디바이스 맞춤 제작을 하는 회사인데요. 이번에 생산 설비 확장을 좀 할려고 대출을 알아보고 있습니다. 아 예 알겠습니다. 혹시 회사 이름하고 생각하시는 금액이 아 되 주식회사 헤일로 입니다. 15억 생각하고 있고요, 헤일로 요. 그러면 설비 악장을 위해서 공장 부지하고 건물 매매는 진행되 신 겁니까? 일단 부지는 기존 부지에 확장을 해서 지을 거구요, 건물은 신축 예정 입니다. 그러면 대출에서 건축 건물 신축 비용 되시겠네요, 그렇죠? 건물 신축 비용은 견적 얼마 받으셨습니까? 십오억이 요. 아, 아 예. 그러면은 토지 하고 건물 담보 제공 에는 문제가 없으시구요. 근데 토지의 선순위 저당권이 설정되어 있는 게 있긴 합니다. 아 토지 정확한 위치를 알려주시면 저희가 등기부등본 확인해보겠습니다. 서울시 강남구 테헤란로 203 십일일입니다. 아, 감사합니다. 그러면 일단 본격적인 대출 상담을 어 진행하려면 가급적이면은 내방을 해주시는 게 좋은데요. 오시기 전에 미리 서류를 저희한테 주시면 검토를 해서 어 당일 삼당 상담 진행을 좀 할 수 있도록 도와드리겠습니다. 서류 몇 가지 불러드릴게요. 예 사업자등록증 법인등기부등본 과거 이 년치 재무제표. 저희가 아직 사업 시작한지 1년 반 정도밖에 안 돼서 이 년치 재무제표는 없는데요. 아, 그러면 일단 지금까지 작성된 거 하고 향후에 2년 간 예상 재무 추정 자료 있으면 같이 주시면 됩니다. 그리고 지으실 그 건물 설계 사하고 견적서 어 대표님, 신분증 사본 필요합니다. 신분증 사본 은밀히 보내지 마시구요 상담 당일날 지참해 주시면 그 자리에서 복사 하겠습니다. 그러면 상담 일자는 언제가 좋을까요? 혹시 다음 주 수요일 오후 세시 가능할까요? 아 예 가능합니다. 그러면 그날 뵙는 걸로 알고 서류는 화요일까지 미리제이메일로부탁을좀드리겠습니다이메일은woohwaj@nonghyup.com 농협 닷컴입니다. 알겠습니다. 근데 혹시 금리 대충 몇 프로 정도 나올지 먼저 알 수 있을까요? 아 예 혹시 건설 기간이 얼마 아 그러고 사면은 몇 년 정도 보고 계십니까? 어 건설 기간은 2년, 상환은 한 8년 보면 될 것 같습니다. 2년 거치 에 8년 상황 어 알겠습니다. 그리고 담보는 대출 언급 몇 프로 까지 제공할 예정입니까? 최대한 가능한 퍼센티지가 얼마예요? 아마 토지 담보 청산 같이 하고 어 선순위 저당권 금액 봐야 되긴 하겠지만 규정상으로는 80% 까지는 가능하니까 한 12억 대출 가능할 것 같습니다. 그러면 금리는 얼마 나오나요? 그것도 담보 까지 봐야 되긴 하겠지만 대충 육 프로 초반 때 쯤 나올 것 같습니다. 육 퍼센트 초반이라 하시면 지금 대충 계산해보면 한 6.28% 정도 나옵니다. 어 물론 이거는 담보여력이 나머 자금 종류에 따라서 변동 사항이 좀 있을수 있구요. 자금 종류가 따로 있나요? 아 예 수출 적합 산업이나 뭐 유망 중소기업 자금 뭐 이런 게 일부 섞을 수 있으면. 좀 다운되기도 하는데요. 그거는 사업자 등록하고 재무 자료 확인을 해야 말씀드릴 수 있을 것 같습니다. 네, 알겠습니다. 그럼 수요일의 뵙겠습니다. 네, 감사합니다. 수요일에 뵙겠습니다. 편하게 하루 되십시오.
",고객과 함께하는 농협 금융 문정 민 팀장입니다 무엇을 도와 드릴까요 안녕하세요 거기 기업대출 좀 알아보려고 하는데요 아이의 어떤 대출 알아보고 계시는데요 일반 회사 사업내용이나 대출 목적 말해 주시면 상담해 드리도록 하겠습니다 아 네 저희가 헬스케어 관련 디바이스 맞춤제작을 하는데요 이번에 생산설비 확장을 좀 할려고 대출을 알아보고 있습니다 아예 알겠습니다 혹시 회사이름 말고 생각하시는 금액이 아내의 주식회사 헤일로입니다 15 억 생각하고 있구요 헤 일러요 그러면 설비 확장을 위해서 공장 부지 하고 건물 매매는 진행 되신 겁니까 일단 부지는 기존 부지의 확장을 해서 지울 거구요 건물은 신축 예정입니다 그러면 대출에서 건축 건물신축 비용 되시길래요 그렇죠 건물신축 비용은 견적 얼마나 됐습니까 씨부엉 여아 앵클 없는 토지 하고 건물 담보 제공에는 문제가 없으시고요 아예 예 근데 토지 선순위 저당권 설정되어 있는 게 있긴 합니다 아 토지 정확한 위치를 알려 주시면 저희가 등기부 등본 확인해 보겠습니다 서울시 강남구 테헤란로 231입니다 아 감사합니다 그러면 일단 본격적인 대출상담을 진행하려면 가급적이면 내방을 해 주시는 게 좋은데요 오시기 전에 미리 서류를 저한테 주시면 검토를 해서 당일 상담 상담 진행을 좀 할 수 있도록 도와 드리겠습니다 서류 몇가지 불러 드릴게요 네 사업자 등록증 법인등기부 등본 과거 2 년치 재무제표 저희가 아직 사업 시작한 지 1년 반 정도 밖에 안돼서 12 년치 재무제표는 없는데요 그러면 일단 지금까지 작성된것으로 향후 2년간 예상질문 추장 재료 있으면 같이 드시면 됩니다 네 그리고 치유 실 건물 설계 사고 견적서아 대표님 신분증 사본 필요 합니다 신분증 사본은 미리 보내지 마시고요 상담 당일 날 기 참여 주시면 그 자리에서 복사하겠습니다 네 그러면 상담 일정은 언제가 좋을까요 혹시 다음 주 수요일 오후3시 가능할까요 가능합니다 그러면 그날 뵙는 걸로 알고 서류는 화요일까지 미리 제 이메일로 부탁 좀 드리겠습니다 이메일은 w 505 hw aj 골뱅이의 n o n g h o y 6 p 1.25 m 농협 닷컴입니다 알겠습니다 근데 혹시 금니 대충 몇프로 정도 나올지 뭔지 알수 있을까요 아 혹시 건설 기간이 얼마 아 그리고 선물은 몇년 정도 보고 계십니까 억원 설 기간은 2년 상환은 한 8년 보면 될 것 같습니다 2년 거치 8년 상환 알겠습니다 그리고 담보는 대출 원금 몇프로까지 제공 하실 예정입니까 최대한 가능한 퍼센테이지가 얼마예요 안마나 토지 담보 청산 가치 아구와 선순위 저당권 금액 받아 되긴 하겠지만 규정상으로는 80프로까지는 가능 하니까 안 12억 대출 가능할 것입니다 그러면 금리는 얼마 나오나요 그것도 담보까지 봐야 되긴 하겠지만 대충 옆으로 초반 때 쯤 나올 거 같습니다 6% 초반이라 하시면 지금 대충 계산해 보면 한 6.28 프로 정도 나옵니다 아무런 이거는 담보 여력이 남은 자금 종류에 따라서 변동 사항이 좀 있을 수 있고요 자금 종류가 따로 있나요 아예 수출 첫 감염이나 아무 유망 중소 기업자금 뭐 이런 게 일부서 끌 수 있으면 좀 다운 되기도 하는데요 그거는 사업자 등록하고 채무자를 확인을 해야 맛있는 이시스 같습니다 네 알겠습니다 그럼 수요일에 뵙겠습니다 감사합니다 수요일에 뵙겠습니다 편한 하루 되 십 쇼,"고객과 함께하는 농협 금융 문종민 팀장입니다 무엇을 도와드릴까요 안녕하세요 거기 기업 대출 좀 알아보려고 하는데요 계시는데요 회사 사람 내용이나 대출목적 말해 주시면 상담해 드리도록 하겠습니다 안에 저희가 헬스케어 관련 디바이스 맞춤제작을 하는 회사인데요 이번 생산설비 확장을 좀 하려고 대출을 알아보고 있습니다 예 알겠습니다 혹시 회사 이름하고 생각하시는 금액이 안에 주식회사 헬로입니다 생각하고있구요 그러면 설비 확장을 위해서 공장 부지 하고 건물 매매는 진행 되신 겁니까 일단 부지는 기존부지 확장을 해서 지을 거 건물은 신축 예정입니다 그러면 대출해서 건물신축 비용 되시겠네요 그렇죠 건물신축 비용은 견적 얼마 받으십니까
15억이 야 그러면은 토지라고 건물 담보 제공 하는 문제가 없으시고요 아 예 근데 토지의 선순위저당권 설정되어 있는게 있긴 한 톨이 정확한 위치를 알려 주시면 저희가 등기부등본 확인해 보겠습니다 서울시 강남구 테헤란로 230 일입니다 감사합니다 그러면 일단 본격적인 대출상담을 진행하려면 가급적이면 외박을 해 주시는게 좋은데요 오시기 전에 미리 서류를 저한테 주시면 검토를 당일 상담 상담 진행을 좀 할 수 있도록 도와드리겠습니다 서류 몇 가지 불러 드릴게요네 사업자등록증 법인등기부등본 과거 2년치 재무제표 저희가 아직 사업 시작한지 1년 반 정도 밖에 안 돼서 2년치 재무제표는 없는데요
2년간 예상 재무추정 자료 있으면 같이 드시면 됩니다네 그리고 지은실 그 건물 설계사 하고 견적서 대표님 신분증 사본 필요합니다 신분증 사본은 미리 보내지 마시고요 상담 당일 날 지참해 주시면 그 자리에서 복수하겠습니다네 그러면 상담 일정은 언제가 좋으신가요 혹시 다음 주 수요일 오후 3시 가능할까요 가능합니다 그러면 그 날 뵙는 걸로 알고 서류는 화요일까지 미리 제 이메일로 부탁을 좀 드리겠습니다 이메일은 woo hwaja@nonghyup.com 농협 닷컴입니다 알겠습니다 근데 혹시 금리 대충 몇 프로 정도 나올지 먼저 알 수 있을까요
상화는 한 8년 보면 될 거 같습니다 알겠습니다 그리고 담보는 대출 원금 몇 프로까지 제공하실 예정입니까 최대한 가능한 퍼센테이지가 얼마예요 토지담보 청산가치 하고 선순위저당권 금액 봐야 되긴 했지만 그 정상으로는 80%까지는 가능하니까 12억 대출 가능 같습니다 그러면 금미는 얼마 나오나요 그것도 당부까지 봐야 되긴 하겠지만 대충 6% 초반 때쯤 나올 것 같습니다 6% 초반이라 하시면 지금 대충 계산해 보면 한 6.2 8% 정도 나옵니다 아무런 이거는 담보여력 있나 한번 자금 종류에 따라서 변동 사항이 좀 있을 수 있고요 자금 종류 따로 있나요 수출 적합한 나비나무 유망 중소기업 자금 이런게 있으면 좀 다운되기도 하는데요 그거는 사업자등록하고 재무 자료 확인을 해야 해
드릴 수 있을 것 같습니다네 알겠습니다 그럼 수요일에 뵙겠습니다 감사합니다 수요일에 뵙겠습니다 편안한 하루 되십시오",0.08961474036850921,0.05564784053156146,0.11267605633802817,0.16290726817042606
2,2,"정성을 다하는 메리츠화재 상담원 김나영입니다. 무엇을 도와드릴까요? 제가 거기 자동차보험에 가입했는데요, 어제 후진하다 차가 긁혔어요. 이거 보험처리 하면 혹시 보험금 할증될까요? 고객님 혹시 차량번호 확인 가능하실까요? 일이삼라에오육칠팔입니다. 확인 감사합니다. 혹시 사고일자가 어떻게 되실까요? 어제요. 아 확인감사합니다 아 그러면은 사고견적 받으신게 있으실까요? 공업사에서 오십만원 견적 나왔어요. 알겠습니다. 바로 사고 접수해 드리겠습니다. 아 근데요 제가 지금 사고접수 하려는게 아니고 이거 만약 사고접수 하면 보험금 얼마나 바뀌는지 알아보려고 하는데요. 아 그러세요, 그러면은 관련부서 연결해 드리겠습니다. 잠시만 기다려주세요. 네. 정성을 다하는 메리츠화재 이유석입니다. 무엇을 도와드릴까요? 제가 어제 후진하다 차가 긁혔는데요 이거 보험처리 하면 혹시 보험금 얼마나 할증될까요? 고객님 차량번호 확인 부탁드립니다. 일이삼라에오육칠팔입니다. 아 네 확인 감사합니다. 혹시 사고내역 견적 받으신게 있으실까요? 오십만원이요 범퍼칠 범퍼칠 다시하는거. 아 네 고객님 오늘 접수하시면 자차보상한도 내에서 처리가 가능하세요. 아 근데 제가 궁금한건 이거 보험처리 하면 보험 갱신할때 보험금 얼마나 늘어나는지 그게 궁금해서 전화했는데 왜 자꾸 접수하라 그러세요! 네? 아, 자차보상 접수건으로 전화주신게 아니구요? 아니 이거 접수해서 보상 받으면 다음에 자동 자동차보험 가입할때 보험금 할증될거 아니에요! 그게 얼마나 되는지 궁금해서 전화했는데 했다는데 자꾸 전화 돌려서 똑같은거 물어보고 그러세요! 아 예 죄송합니다. 그러면 향후 보험계약 갱신하실때 보험료 할증금액이 궁금하신걸로 이해하면 될까요? 아, 네. 그 얼마나 할증되는지 계산해 주시면 접수할지 안할지 결정할 수 있잖아요. 아 네 고객님 죄송합니다. 보험료 산정은 계약파트에서 담당하고 있습니다. 계약파트로 전화를 돌려드리겠습니다. 아우 정말 알겠습니다. 감사합니다 정성을 다하는 메리츠화재 문종민입니다. 무엇을 도와드릴까요? 제가 제 차를 긁었는데 이거 보상받으면 나중에 보험 갱신될때 보험료 얼마나 할증되는지 계산좀 부탁드립니다. 아 그럼 지금 연장하시거나 신규가입하시는게 아니라 차후 연장시점에서 얼마 할증되는지 미리 계산해달라는 말씀이실까요? 네 바로 그거죠. 네 일단 차량번호 먼저 부탁드립니다. 일이삼라오육칠팔이요. 아 네 본건 약정은 이천이십일년 십이월 칠일에 가입하셔서 올해 십이월 칠일 영시 만료되네요. 네. 그러니까 제가 이거 보험처리하면 올해 십이월 칠일자로 계약갱신할때 보험료가 얼마나 갱신 할증되는지 계산 부탁드린다고요. 고객님 죄송한데 그게 지금시점에서는 계산이 되지 않습니다. 네?! 아니 그게 계산이 왜안돼요?! 죄송하지만 저희 전산상 그런 계산이 미리 안됩니다. 아니 지금 그거 계산해달라고 차량번호를 몇번을 반복하고 전화 여기저기 돌리고 했는데 그게 안된다구요?! 그러면 제가 나중에 보험 갱신할때에 어떻게 계산하실건데요?! 그건 뭐 전산으로 안하고 손으로 계산하시게요?! 고객님 죄송합니다. 이 건 관련해서는 계산이 되지는 않는데요, 혹시 정확도가 좀 떨어지는 계산이라도 필요하시다면 다른 방법으로 계산해서 전달드릴 수 있는데 괜찮으실까요? 아 뭐 그거라도 주세요 그럼. 감사합니다. 전달드릴 연락처 확인 좀 부탁드리겠습니다. 핸드폰번호 드리면 되죠? 네. 공일공팔사삼이칠칠육칠입니다. 감사합니다. 그러면 계산 후에 회신 드리겠습니다. 감사합니다. 혹시 추가문의사항 있으신가요? 없습니다. 감사합니다. 그럼 상담 종료하겠습니다. 감사합니다.
","정성을 다하는 메리츠화재 상담원 김나영입니다. 무엇을 도와드릴까요? 제가 거기 자동차보험에 가입했는데요, 어제 후진하다 차가 긁혔어요. 이거 보험처리 하면 혹시 보험금 할증될까요? 고객님 혹시 차량번호 확인 가능하실까요? 123라-5678입니다. 확인 감사합니다. 혹시 사고일자가 어떻게 되실까요? 어제요. 아 확인감사합니다 아 그러면은 사고견적 받으신게 있으실까요? 공업사에서 50만원 견적 나왔어요. 알겠습니다. 바로 사고 접수해 드리겠습니다. 아 근데요 제가 지금 사고접수 하려는게 아니고 이거 만약 사고접수 하면 보험금 얼마나 바뀌는지 알아보려고 하는데요. 아 그러세요, 그러면은 관련부서 연결해 드리겠습니다. 잠시만 기다려주세요. 네. 정성을 다하는 메리츠화재 이유석입니다. 무엇을 도와드릴까요? 제가 어제 후진하다 차가 긁혔는데요 이거 보험처리 하면 혹시 보험금 얼마나 할증될까요? 고객님 차량번호 확인 부탁드립니다. 123라-5678입니다. 아 네 확인 감사합니다. 혹시 사고내역 견적 받으신게 있으실까요? 50만원이요 범퍼칠 범퍼칠 다시하는거. 아 네 고객님 오늘 접수하시면 자차보상한도 내에서 처리가 가능하세요. 아 근데 제가 궁금한건 이거 보험처리 하면 보험 갱신할때 보험금 얼마나 늘어나는지 그게 궁금해서 전화했는데 왜 자꾸 접수하라 그러세요! 네? 아, 자차보상 접수건으로 전화주신게 아니구요? 아니 이거 접수해서 보상 받으면 다음에 자동 자동차보험 가입할때 보험금 할증될거 아니에요! 그게 얼마나 되는지 궁금해서 전화했는데 했다는데 자꾸 전화 돌려서 똑같은거 물어보고 그러세요! 아 예 죄송합니다. 그러면 향후 보험계약 갱신하실때 보험료 할증금액이 궁금하신걸로 이해하면 될까요? 아, 네. 그 얼마나 할증되는지 계산해 주시면 접수할지 안할지 결정할 수 있잖아요. 아 네 고객님 죄송합니다. 보험료 산정은 계약파트에서 담당하고 있습니다. 계약파트로 전화를 돌려드리겠습니다. 아우 정말 알겠습니다. 감사합니다 정성을 다하는 메리츠화재 문종민입니다. 무엇을 도와드릴까요? 제가 제 차를 긁었는데 이거 보상받으면 나중에 보험 갱신될때 보험료 얼마나 할증되는지 계산좀 부탁드립니다. 아 그럼 지금 연장하시거나 신규가입하시는게 아니라 차후 연장시점에서 얼마 할증되는지 미리 계산해달라는 말씀이실까요? 네 바로 그거죠. 네 일단 차량번호 먼저 부탁드립니다. 123라5678이요. 아 네 본건 약정은 2021년 12월 7일에 가입하셔서 올해 12월 7일 0시 만료되네요. 네. 그러니까 제가 이거 보험처리하면 올해 12월 7일자로 계약갱신할때 보험료가 얼마나 갱신 할증되는지 계산 부탁드린다고요. 고객님 죄송한데 그게 지금시점에서는 계산이 되지 않습니다. 네?! 아니 그게 계산이 왜안돼요?! 죄송하지만 저희 전산상 그런 계산이 미리 안됩니다. 아니 지금 그거 계산해달라고 차량번호를 몇번을 반복하고 전화 여기저기 돌리고 했는데 그게 안된다구요?! 그러면 제가 나중에 보험 갱신할때에 어떻게 계산하실건데요?! 그건 뭐 전산으로 안하고 손으로 계산하시게요?! 고객님 죄송합니다. 이 건 관련해서는 계산이 되지는 않는데요, 혹시 정확도가 좀 떨어지는 계산이라도 필요하시다면 다른 방법으로 계산해서 전달드릴 수 있는데 괜찮으실까요? 아 뭐 그거라도 주세요 그럼. 감사합니다. 전달드릴 연락처 확인 좀 부탁드리겠습니다. 핸드폰번호 드리면 되죠? 네. 010 8432 7767입니다. 감사합니다. 그러면 계산 후에 회신 드리겠습니다. 감사합니다. 혹시 추가문의사항 있으신가요? 없습니다. 감사합니다. 그럼 상담 종료하겠습니다. 감사합니다.
","정성입니다. 무엇을 도와드릴까요? 제가 거기 자동차보험에 가입했는데요. 어제 후진하다 차가 그렇게 했어요. 이거 보험 처리 하면 혹시 보험금될까요? 혹시 차량 번호 확인 가능하실까요? 일이삼나의 오 육 칠 팔 입니다. 감사합니다. 혹시 사고 일자가 어떻게 되실까요? 감사합니다. 그러면은 사고 견적받으신 게 있으실까요. 공업사에서 오십 만원 견적나왔어요. 알겠습니다. 바로 사고 접수해 드리겠습니다. 근데요, 제가 지금 사고 접수하려는 게 아니고, 이거 만약 사고 접수하면 보험금얼마나 바뀌는지 알아보려고 하는데요. 그러세요. 그러면 관련 부서연결해 드리겠습니다. 잠시만 기다려 주세요. 정성을 다하는 이유석입니다. 무엇을 도와드릴까요? 제가 어제 부진하다 차가 그렇게 했는데요. 이거 보험 처리 하면 혹시 보험얼마나 할증될까요 고객님차량 번호 확인 부탁드립니다. 일이 이상 나의 오, 육, 칠 팔 입니다. 아니, 확인 감사합니다. 혹시 사고 대학 견적받은 적이 있으실까요? 오십만원이야 범퍼질 봄버들다시 하는거 네, 고객님오늘 접수하시면 자차 보상한도 내에서 처리가 가능하세요. 근데 제가 궁금한 건 이거 보험 처리 하면 보험 갱신할 때 보험금얼마나 늘어나는지. 그게 궁금해서 전했는데 왜 자꾸 접수하라고 그러세요. 왜 자차 보상 접수권으로 도와주는 게 아니고요. 아니, 이걸 접수해서 보호성 받으면 다음에 잘 자동차보험 가입할 때 보험금할증될 거 아니에요? 그게 얼마나 되는지 궁금해서 전화했는데 했다는데 자꾸 전화 돌려서 똑같은 거 물어보고 그러세요? 아예 죄송합니다. 그러면 향후 보호용 계약갱신하실 때 보험료할증금액이 궁금하신 걸로 이해하면 될까요? 네, 그 얼마나 할증되는지 개선해 주시면 접수할지 안 할지 결정할 수 있잖아요. 네, 고객님죄송합니다 보험료선정은 계약파트에서 접수하고 있습니다. 계약 파트로 전화를 돌려드리겠습니다. 정말 알겠습니다. 감사합니다. 정성을 다하는 메리츠화재 운종 길입니다. 무엇을 도와드릴까요? 제가 제 차례늙었는데. 이거 보상받으면 나중에 보험경진될 때 보험료얼마나 할 쯤 되는지계산지원 부탁드립니다. 그럼 지금 연장하시거나 신규 가입하시는 게 아니라 차후 연장시점에서 얼마 할증되는지 미리 계산해 달라는 말씀이실까요. 바로 그거죠. 근데 일단 차량 번호 먼저 부탁드립니다. 일이삼 네. 보험건 약정은 이천이십일년. 십이 월 칠일에 가입하셔서. 올해 십이월 칠일 영 시 만료되네요. 네. 그러니까 제가 이거 보험 처리 하면 올해 십이월 칠 일자로 계약 갱신할 때 보험료가 얼마나 갱신할증되는지 개선부탁드린다 고요. 고객님죄송한데. 그게 지금 시점에서는 계산이 되지 않습니다. 네. 아니, 그게 계산이 뇌안돼요. 죄송하지만 저희전산상그런 계산이 미리 안 됩니다. 아니, 지금 그거 계산해 달라고 차량 번호를 몇 번을 반복하고 전화여기저기 돌리고 했는데 그게 안 된다고요. 그럼 제가 나중에 보험 갱신할 때 어떻게 계산하실 건데요? 그건 뭐 전산으로 안하고 손으로 계산하시게요 고객님죄송합니다 이 건 관련해서는 계산이 되지는 않는데요. 혹시 정확도가 좀 떨어지는 계산이라도 필요하시다면 다른 방법으로 계산해서 전달드릴 수 있는데 괜찮으실까요 뭐 감사합니다. 전달드릴 연락처 확인 좀 부탁드리겠습니다. 오늘도 843. 위 칠 육체입니다 감사합니다. 그러면 계산후에 회신드리겠습니다 감사합니다. 혹시 추가 문희상 있으신가요? 없습니다. 감사합니다. 그러면 상담종료하겠습니다 감사합니다.","정성훈이 나오는 메리츠화재 상담 김나영 입니다. 무엇을 도와드릴까요? 보험에 가입했는데 요. 어제 후진하다. 차가 그렇게 였어요. 이거 보험처리 하면 혹시 보험금 할증 될까요? 마실까요? 123 나의 5678입니다. 확인 감사합니다. 혹시 사고 일자가 어떻게 되실까요? 아 예 감사합니다. 아, 그러면은 사고 견적 받으신 게 있으실까요? 공업사에서 한 오십만원 견적 나왔어요. 알겠습니다. 바로 사고 접수해 드리겠습니다. 어 근데요. 제가 지금 사고 접수 하려는 게 아니고 이거 만약 사고 접수하면 보험금 얼마나 바뀌는지 알아보려고 하는데. 저는 관련 부서 연결해 드리겠습니다. 잠시만 기다려 주세요. 정성을 다하는 메리츠화재 이윤석입니다. 무엇을 도와드릴까요? 제가 어제 부진하다 차 그렸는데요. 이거 보험처리 하면 혹시 보험 얼마나 할증 될까요? 예 고객님, 차량 번호 확인 부탁드립니다. 123 나 에 5678입니다. 아 네 확인 감사합니다. 혹시 사고 대학 견적 받으신 게 있으실까요? 오십만원 이요. 범 퍼질 버질 다시 하는 거. 아 네 고객님, 오늘 접수하시면 자차 보상 한도 내에서 처리가 가능하세요? 아, 근데 제가 궁금한 건 이거 보험처리 하면 보험 갱신할 때 보험금 얼마나 늘어나는지 그게 궁금해서 전화했는데 왜 자꾸 접수하고 그러세요? 아 자 차 부상 접수권 으로 전화 주신 게 아니구요. 아니 이거 접수해서 보성 받으면 다음에 잠금 자동차 보험 가입할 때 보험금 할증 될 거 아니에요? 그게 얼마나 되는지 궁금해서 전화했는데 했다는데 자꾸. 전화 돌려서 똑같은 거 물어보고 그러세요 아 예 죄송합니다. 아, 그러면 향후 보험 계약 갱신 하실 때에 보험료 할증 금액이 궁금하신 걸로 이해하면 될까요? 아. 네 그 얼마나 할증 내는지 계산해 주시면 접수 할지 안 할지 결정할 수 있잖아요? 아 네 고객님, 죄송합니다. 보험료 선정은 계약 파트에서 담당하고 있습니다. 계약 파트로 전화를 돌려드리겠습니다. 정말 알겠습니다. 감사합니다. 정성을 다하는 메리츠화재 운동입니다. 무엇을 도와드릴까요? 제가 제 차를 긁어 있는데 이거 보상 받으면 나중에 보험 갱신될 때 보험료 얼마나 할증 되는지 계산 좀 부탁드립니다. 아, 그럼 지금 연장 하시거나 신규 가입하시는 게 아니라 icao 연장 시점에서 얼마 할증 되는지 미리 계산해 달라는 말씀일까요? 바로 그거 저. 근데 일단 차량 번호 먼저 부탁드립니다. 123 나 567 팔이요? 아 네 본건 약정은 2021년 12월 7일 에 가입하셔서 올해 12월 7일 영시 만료된 에요. 예, 그러니까 제가 이거 보험 처리하면 올해 12월 칠 일자로 계약 갱신할 때 보험료가 얼마나 갱신 할증 되는지 계산 부탁드린다고요? 고객님, 죄송한데 그게 지금 시점에서는 계산이 되지 않습니다. 아니, 그게 계산이 왜 안 돼요? 죄송하지만 저희 전산상 그런 계산이 미리 안됩니다. 아니 지금 그거 계산해달라고 차량 번호를 몇 번을 반복하고 전화 여기저기 돌리고 했는데 그게 안 된다구요. 그럼 제가 나중에 봄 경신할 때 어떻게 계산 하실 건데요? 그건 뭐 전산으로 안 하고 손으로 계산하세요. 고객님, 죄송합니다. 이건 관련해서는 계산이 되지는 않는데요. 혹시 정확도가 좀 떨어지는 계산이라도 필요하시다면 다른 방법으로 계산해서 전달드릴 수 있는데 괜찮으실까요? 아, 뭐 그거라도 주세요. 그럼 감사합니다. 전달드릴 연락처 확인 좀 부탁드리겠습니다. 핸드폰 번호 드리면 되죠? 네. 01084327767입니다. 감사합니다. 그러면 계산 후에 회신 드리겠습니다. 감사합니다. 혹시 추가 문의사항 있으신가요? 없습니다. 감사합니다. 그럼 상담 중요하겠습니다. 감사합니다.
",정성을 다하는 메리츠화재 상 넘기며입니다 무엇을 도와 드릴까요 대구 자동차 보험에 가입했는데요 어제 후진하다 차가 긁혔어요 이거 보험처리 시 보험금 할증 된 거야 혹시 차량번호 확인 가능하실까요 1234-5678 힘들어 하니 감사합니다 혹시 사고 일정 어떻게 되실 까요 어제 아 감사합니다 그러면은 사고 견적 받은 게 있으실까요 공업사에서 50만원 견적 나왔습니다 바로 사고접수 드리겠습니다 근데요 저 지금 사고 접수 하려는 게 아니고 이거 마녀가 부족했다 면 보험금 얼마나 받고 있는지 알아보려고 하는데 아 그러세요 그럼 이는 관련 부서에 연결해 주세요 내 정성을 다하는 메리츠화재 유속입니다 무엇을 도와 드릴까요 제가 어제 운전하다 창경궁 처리하면 고객님 차량 번호 확인부탁 드립니다 1234-5678입니다 오늘 확인 검사 견적 받은 게 있으실까요 500000 분 퍼즐 판퍼즐 아델 접수 하시면 자차 보상 한도내에서 처리가 가능하세요 아 근데 제가 궁금한 건 이거 보험처리하면 보험 갱신 할때 보험금 얼마나 되는데 왜자꾸 접수하러 부르세요 웨어 자차 보상 접속을 도와준 게 아니구요 아니 이거 저 러스에서 보상 받으면 다음해 자동차보험 가입할때 보험금 할증 될 거 아니에요 그게 얼마나 될지 궁금해서 전화 했 던 데 자꾸 전화 돌려서 똑같은 거 물어봐 아예 죄송합니다 그러면 향후 고용 계약 갱신권 실 대 보험료 할증 금액이 궁금하신 건 위험할까요 하네 그 얼마나 할증 되는지 계산해 주시면 접수 할지 안 할지 결정할 수 있잖아 아니 고객님 죄송합니다 보험료 산정은 계획에서 장사하고 있습니다 걀 포트로 전화를 돌려 드리겠습니다 알겠습니다 감사합니다 충성을 다하는 메리츠화재 5세도 될까요 제가 제 차를 긁었는데 이거 보상 받으면 나중에 보험 갱신 될때 보험료 얼마나 할인 되는지 계산 좀 부탁 드립니다 그럼 지금 연장 하시거나 신규 가입 하시는 게 아니라 향후 연장 시점에서 얼마쯤 되는지 미리 계산해 달라는 말씀이신가요 바로 그전에 있던 차량 번호 문제 부탁 드립니다 12345678 영어 대본 열정은 2021년 12월 7일에 가입해서 올해 12월 7일 0시 발매 되네요 네 그러니까 티비 꼼꼼 처리 하며 올해 12월 7일자로 계약 갱신 할때 보험료가 얼마나 갱신 할증 되는지 계산 부탁 드린다고요 죄송한데 그게 지금 시점에서는 허허허허 허허 네 아니 그냥 그렇네요 죄송하지만 저희 전산 상 그런 계산이 안됩니다 아니 지금 이거 계산해 달라고 차량번호 몇번 버스를 타고 전하여 질 텐데 그게 안된다구요 그럼 제가 보험 갱신 할때 어떻게 개발해 싶은데요 군무원 전산으로 안하고 손으로 계산 부인 죄송합니다 입금 관련해서는 계산이 되지는 않는데요 혹시 정확도가 좀 떨어지는 게 필요하시다면 다른방법으로 계산해서 전달 드릴 수 있는데 괜찮으실까요 안 그래도 감사합니다 전달 드릴 연락처 핸드폰 노래 듣는데 려 보는 동 8432 1767입니다 감사합니다 그러면 계산 후 회신 드리겠습니다 감사합니다 혹시 추가 문의 사항이 있으신가요 없습니다 감사합니다 그럼 상담 종료하겠습니다,"정성을 다하는 메리츠화재 상담은 김나영입니다 무엇을 도와드릴까요 자동차 보험에 가입했는데 느꼈어요 이거 보험처리하면 혹시 보험금 할증 될까요 차량 번호 확인 가능하실까요 오육 칠팔입니다 감사합니다 되실까요 어제요 감사합니다 아 그러면은 사고 견적 받은게 있으실까요 공업사에서 50만 원 견적 남았어요 나 바로 사고 접수 되겠습니다 되는게 아니고 이거 만약 사고 접수 보험금 얼마나 막히는지 알아보려고 하는데 그러면은 관련 부서 연결해 드리겠습니다 잠시만 기다려 주세요 무엇을 도와드릴까요 제가 어제 그렇게 하는데요 이거 보험처리하면
혹시 보험 얼마나 할증 몇 도야 고객님 차량 번호 확인 부탁드립니다 오육 칠팔 확인 감사합니다 혹시 견적 받을 수 있으실까요 50만 원이야 돈 퍼즐 퍼즐 다시 하는 거 아네 고객님 오늘 접수하시면 자차보상 한도 내에서 처리가 가능하세요 아 근데 제가 궁금한 거 이거 몸조리 하면 보험 갱신할 때 보험금 얼마나 들었는지 그게 궁금해서 변했네 왜 자꾸 접수하라고 그러세요 왜 접속을 도와주는게 아니고요 아니 이거 그래서 보성 받으면 다음에 잘 자동차 보험 가입할 때 보험금 8층 될 거 아니에요 그게 얼마나 되는지 궁금해서 전화했는데 했다는데 자꾸 전화 드려서 똑같은 거 물어보고 그러세요 아 예 죄송합니다 그러면 향후 보험 계약 갱신 하실 때 보험료 할증 금액이 궁금하신 걸로 하면 될까요
네 그 얼마나 1등 냄비 계산해 주시면 접수하지 안 할지 결정 할 수 있잖아요 아네 고객님 죄송합니다 보험료산정 계약서 작성하고 있습니다 아파트로 전화를 돌려 드리겠습니다 알겠습니다 감사합니다 정성을 다하는 메리츠화재 운동 중입니다 무엇을 도와드릴까요 제가 제 차를 긁었는데 이거 보상받으면 나중에 보험 갱신 될 때 보험료 얼마나 할 텐데 계산 좀 부탁드립니다 그럼 지금 연장시키거나 신규가입 하시는게 아니라 사고 현장 시점에서 얼마 할증 되는지 미리계산 해 달라는 말씀 있을까요 바로 그죠 근데 일단 차량 번호 먼저 부탁드립니다 12345678 가입하셔서 올해 12월 7일
네 그러니까 저 이거 보험 처리하려면 올해 12월 7일 자로 계약 갱신할 때 보험료가 얼마나 되는지 계산 부탁드린다고 야 그게 지금 시점에서는 계산이 되지 않습니다네 아니 그게 왜 안돼요 아니 지금 보내 달라고 차량 번호는 몇 번을 방송끄고 전화 여기저기 돌리고 되는데 그게 안 된다고요 그럼 제가 나중에 보험 갱신 할 때 어떻게 계산할 줄 건데요 그거 문 전화도 안 하고 집에 가요 죄송합니다 혹시 좀 떨어지는 필요하시다면 다른 방법으로 계산해서 전달 드릴 수 있는데 괜찮을까요 그거라도 되세요 감사합니다 전달해 드릴 연락처 확인 좀 부탁드리겠습니다 핸드폰 번호 주면 되죠 오늘 운동 스타트
1767입니다 감사합니다 그러면 계산 후에 회신 드리겠습니다 감사합니다 혹시 있으신가요 없습니다 감사합니다 감사합니다",0.14514896867838045,0.08792048929663608,0.270977675134719,0.28582434514637906
